iteration,wall_ms,cpu_ms,cpu_core_equivalent_pct,cpu_system_normalized_pct,accepted,predicted_template,claimed_score,physical_score,stage_preprocessing_ms,stage_diffraction_features_ms,stage_geometric_inversion_ms,stage_template_matching_ms,stage_physical_validation_ms,stage_joint_decision_ms,stage_total_internal_ms
0,96.5199,93.75,97.13022910301399,4.856511455150699,1,Star,0.2536631421390376,0.7752742625414029,0.3046,0.1319,76.1232,19.6166,0.2968,0.0036,96.4816
1,97.9185,93.75,95.74288821826315,4.787144410913157,1,Star,0.2536631421390376,0.7752742625414029,0.2901,0.1471,77.3064,19.6464,0.4712,0.005,97.8716
2,96.7313,109.375,113.07095014747036,5.653547507373518,1,Star,0.2536631421390376,0.7752742625414029,0.2976,0.1319,76.4495,19.4866,0.3195,0.0032,96.6929
3,97.2327,93.75,96.41818030353987,4.820909015176993,1,Star,0.2536631421390376,0.7752742625414029,0.2982,0.1331,76.8066,19.66,0.2921,0.0035,97.1978
4,97.631,93.75,96.02482817957411,4.801241408978706,1,Star,0.2536631421390376,0.7752742625414029,0.2904,0.1306,77.3002,19.5459,0.3081,0.0139,97.5931
5,96.7292,93.75,96.92006136719831,4.846003068359916,1,Star,0.2536631421390376,0.7752742625414029,0.2898,0.1346,76.5122,19.4354,0.3106,0.003,96.6905
6,100.2352,109.375,109.11835363225693,5.4559176816128465,1,Star,0.2536631421390376,0.7752742625414029,0.3411,0.1334,79.0316,20.3761,0.3086,0.0034,100.1983
7,99.376,78.125,78.61556110127194,3.930778055063597,1,Star,0.2536631421390376,0.7752742625414029,0.2997,0.1308,77.2582,21.226,0.3586,0.0135,99.3169
8,96.3264,93.75,97.32534383097467,4.866267191548734,1,Star,0.2536631421390376,0.7752742625414029,0.3059,0.1337,75.9824,19.5371,0.3204,0.0031,96.2871
9,95.5707,93.75,98.09491821238099,4.90474591061905,1,Star,0.2536631421390376,0.7752742625414029,0.4637,0.1456,75.009,19.551,0.3534,0.0038,95.5312
10,96.7194,109.375,113.08486198218766,5.654243099109383,1,Star,0.2536631421390376,0.7752742625414029,0.291,0.1258,76.291,19.6344,0.3339,0.0035,96.6835
11,99.0824,93.75,94.61821675696187,4.730910837848094,1,Star,0.2536631421390376,0.7752742625414029,0.2846,0.1272,78.293,20.0252,0.3094,0.003,99.0463
12,97.4421,93.75,96.21098067467759,4.810549033733879,1,Star,0.2536631421390376,0.7752742625414029,0.3206,0.2101,77.062,19.5041,0.3006,0.0033,97.4046
13,97.0753,93.75,96.57451483539067,4.828725741769534,1,Star,0.2536631421390376,0.7752742625414029,0.2917,0.133,76.0377,20.263,0.3054,0.0034,97.0389
14,105.174,109.375,103.99433320022058,5.199716660011029,1,Star,0.2536631421390376,0.7752742625414029,0.3059,0.1343,80.5995,23.7122,0.3729,0.003,105.1327
15,98.1372,93.75,95.52952397256085,4.776476198628043,1,Star,0.2536631421390376,0.7752742625414029,0.3473,0.1834,77.6735,19.5872,0.3,0.0032,98.099
16,98.6683,109.375,110.85120550369267,5.542560275184634,1,Star,0.2536631421390376,0.7752742625414029,0.3031,0.1326,77.9723,19.9102,0.3073,0.0035,98.633
17,98.1116,93.75,95.55445023830006,4.777722511915003,1,Star,0.2536631421390376,0.7752742625414029,0.3137,0.1345,77.5143,19.7048,0.3964,0.0045,98.0731
18,97.2474,93.75,96.40360564909705,4.820180282454853,1,Star,0.2536631421390376,0.7752742625414029,0.2962,0.1375,76.7771,19.6792,0.3128,0.0029,97.2103
19,96.025,78.125,81.35902108825826,4.067951054412913,1,Star,0.2536631421390376,0.7752742625414029,0.2952,0.1295,75.8375,19.3996,0.3182,0.003,95.9879
20,97.0986,109.375,112.64323069539623,5.632161534769811,1,Star,0.2536631421390376,0.7752742625414029,0.3833,0.1437,76.8154,19.4166,0.2969,0.0032,97.0639
21,95.9525,93.75,97.70459341861859,4.885229670930929,1,Star,0.2536631421390376,0.7752742625414029,0.3554,0.141,75.5555,19.5479,0.3088,0.0036,95.9168
22,97.706,93.75,95.95111866210877,4.797555933105438,1,Star,0.2536631421390376,0.7752742625414029,0.2883,0.1325,76.7771,20.1555,0.3086,0.0037,97.671
23,96.6015,78.125,80.8734854013654,4.04367427006827,1,Star,0.2536631421390376,0.7752742625414029,0.2898,0.224,76.4955,19.2402,0.3038,0.0037,96.562
24,97.9511,93.75,95.7110231533898,4.785551157669491,1,Star,0.2536631421390376,0.7752742625414029,0.353,0.3266,76.7731,20.1095,0.3432,0.0037,97.9147
25,97.4846,109.375,112.19720858474057,5.609860429237028,1,Star,0.2536631421390376,0.7752742625414029,0.3097,0.1329,76.6529,20.0391,0.303,0.0031,97.4455
26,99.0176,93.75,94.68013767249458,4.734006883624729,1,Star,0.2536631421390376,0.7752742625414029,0.4563,0.1772,77.1154,20.8897,0.3314,0.0038,98.9786
27,97.111,93.75,96.5390120583662,4.82695060291831,1,Star,0.2536631421390376,0.7752742625414029,0.3091,0.1454,76.6443,19.6385,0.3297,0.0031,97.0744
28,98.1744,78.125,79.57777180201762,3.9788885901008815,1,Star,0.2536631421390376,0.7752742625414029,0.289,0.128,78.3386,19.0827,0.2915,0.0033,98.139
29,97.7056,93.75,95.95151147938296,4.797575573969148,1,Star,0.2536631421390376,0.7752742625414029,0.4081,0.1497,76.9999,19.7639,0.3399,0.0033,97.6693
30,98.2285,93.75,95.44073257761241,4.77203662888062,1,Star,0.2536631421390376,0.7752742625414029,0.2882,0.1342,77.1983,20.2443,0.3189,0.0034,98.1919
31,96.3833,78.125,81.05657307853123,4.052828653926562,1,Star,0.2536631421390376,0.7752742625414029,0.4071,0.1554,75.6414,19.6569,0.4725,0.0037,96.3415
32,96.8773,93.75,96.7718959962757,4.838594799813785,1,Star,0.2536631421390376,0.7752742625414029,0.3022,0.1323,76.0462,20.043,0.3068,0.0033,96.838
33,97.8521,109.375,111.77583311957537,5.588791655978768,1,Star,0.2536631421390376,0.7752742625414029,0.424,0.149,76.6389,20.1583,0.3032,0.0032,97.6811
34,98.0887,93.75,95.57675858687087,4.778837929343543,1,Star,0.2536631421390376,0.7752742625414029,0.4007,0.1618,76.7072,20.4362,0.3058,0.0031,98.0189
35,96.0685,93.75,97.58661788203209,4.879330894101605,1,Star,0.2536631421390376,0.7752742625414029,0.296,0.1384,75.8603,19.4013,0.2976,0.003,96.0009
36,94.9398,78.125,82.28898733723896,4.114449366861948,1,Star,0.2536631421390376,0.7752742625414029,0.3253,0.139,75.1981,18.9002,0.3075,0.0029,94.8777
37,97.5093,93.75,96.1446754309589,4.807233771547945,1,Star,0.2536631421390376,0.7752742625414029,0.3185,0.1371,76.3136,20.2728,0.326,0.003,97.3758
38,98.4724,109.375,111.07173177458863,5.553586588729432,1,Star,0.2536631421390376,0.7752742625414029,0.322,0.1564,77.2272,20.368,0.3448,0.0035,98.4269
39,96.5287,93.75,97.12137426485594,4.856068713242797,1,Star,0.2536631421390376,0.7752742625414029,0.3301,0.1696,76.2548,19.4088,0.3203,0.0035,96.492
40,95.7392,93.75,97.92227217273593,4.896113608636797,1,Star,0.2536631421390376,0.7752742625414029,0.2863,0.1629,75.7751,19.1549,0.3143,0.0033,95.7017
41,97.9755,93.75,95.68718710289818,4.784359355144908,1,Star,0.2536631421390376,0.7752742625414029,0.3162,0.1391,77.2986,19.8296,0.3452,0.0031,97.9361
42,100.5379,109.375,108.78981956058362,5.439490978029181,1,Star,0.2536631421390376,0.7752742625414029,0.303,0.1441,79.6842,19.905,0.4512,0.0036,100.4962
43,99.2226,93.75,94.48452267930895,4.724226133965447,1,Star,0.2536631421390376,0.7752742625414029,0.4659,0.1542,78.365,19.7917,0.3985,0.0033,99.1831
44,96.7755,93.75,96.87369220515524,4.843684610257762,1,Star,0.2536631421390376,0.7752742625414029,0.3076,0.1406,76.5211,19.4237,0.3321,0.0034,96.7337
45,96.5281,93.75,97.12197795253404,4.856098897626702,1,Star,0.2536631421390376,0.7752742625414029,0.3065,0.1446,76.1082,19.6195,0.3042,0.0033,96.4905
46,95.864,109.375,114.09392472669614,5.704696236334807,1,Star,0.2536631421390376,0.7752742625414029,0.2847,0.1362,76.2919,18.8003,0.3062,0.0032,95.8265
47,95.5051,93.75,98.16229709198775,4.908114854599388,1,Star,0.2536631421390376,0.7752742625414029,0.3002,0.1521,74.83,19.8657,0.3085,0.0031,95.4654
48,98.9433,93.75,94.75123631413143,4.737561815706571,1,Star,0.2536631421390376,0.7752742625414029,0.2872,0.1383,77.8175,20.312,0.3429,0.0031,98.9059
49,100.3824,93.75,93.39286568163342,4.669643284081672,1,Star,0.2536631421390376,0.7752742625414029,0.3458,0.2887,79.6399,19.7473,0.3144,0.0034,100.3449
50,97.9824,109.375,111.62719018925849,5.581359509462924,1,Star,0.2536631421390376,0.7752742625414029,0.3396,0.1382,77.3432,19.8124,0.3048,0.003,97.9465
51,96.2392,78.125,81.17793996625076,4.058896998312538,1,Star,0.2536631421390376,0.7752742625414029,0.2939,0.1407,75.9853,19.3292,0.4409,0.0053,96.2001
52,96.1024,93.75,97.5521943260522,4.877609716302611,1,Star,0.2536631421390376,0.7752742625414029,0.3011,0.1448,76.2163,18.9718,0.4151,0.0038,96.0584
53,97.1534,93.75,96.49688019153216,4.824844009576607,1,Star,0.2536631421390376,0.7752742625414029,0.4173,0.1745,76.954,19.2513,0.3058,0.0036,97.1121
54,97.6928,93.75,95.96408333060369,4.798204166530184,1,Star,0.2536631421390376,0.7752742625414029,0.2984,0.1401,76.7842,19.8143,0.5995,0.0041,97.6459
55,97.9144,109.375,111.70471350485731,5.585235675242865,1,Star,0.2536631421390376,0.7752742625414029,0.3102,0.139,77.5627,19.5322,0.322,0.0033,97.8734
56,96.4,93.75,97.25103734439834,4.862551867219917,1,Star,0.2536631421390376,0.7752742625414029,0.3754,0.1535,76.3785,19.1483,0.2979,0.0033,96.3611
57,96.6908,93.75,96.9585524165691,4.847927620828456,1,Star,0.2536631421390376,0.7752742625414029,0.2902,0.1371,75.902,19.9781,0.3387,0.0029,96.6538
58,97.3045,93.75,96.34703430982123,4.8173517154910614,1,Star,0.2536631421390376,0.7752742625414029,0.2851,0.1425,77.096,19.4246,0.3096,0.003,97.2657
59,98.0448,109.375,111.5561457619374,5.57780728809687,1,Star,0.2536631421390376,0.7752742625414029,0.3057,0.2272,78.0125,19.1412,0.3121,0.0031,98.0064
60,96.4379,78.125,81.01068148518372,4.050534074259186,1,Star,0.2536631421390376,0.7752742625414029,0.2956,0.1349,75.9879,19.6235,0.349,0.0034,96.3983
61,97.4091,78.125,80.20297898245647,4.010148949122824,1,Star,0.2536631421390376,0.7752742625414029,0.3922,0.2303,76.9876,19.4454,0.3027,0.0033,97.3666
62,96.875,93.75,96.7741935483871,4.838709677419355,1,Star,0.2536631421390376,0.7752742625414029,0.2937,0.1401,76.8111,19.2759,0.3057,0.0031,96.8344
63,98.4529,93.75,95.2231980977706,4.7611599048885305,1,Star,0.2536631421390376,0.7752742625414029,0.324,0.146,76.9857,20.6343,0.3164,0.0033,98.4145
64,100.133,93.75,93.62547811410823,4.681273905705412,1,Star,0.2536631421390376,0.7752742625414029,0.285,0.1364,79.5395,19.8117,0.3161,0.0038,100.0975
65,100.5577,93.75,93.23005597781174,4.661502798890587,1,Star,0.2536631421390376,0.7752742625414029,0.2969,0.1393,79.577,20.1546,0.3463,0.0033,100.5223
66,99.3662,109.375,110.07264039482237,5.503632019741119,1,Star,0.2536631421390376,0.7752742625414029,0.3039,0.1379,78.1258,20.3731,0.3804,0.0033,99.3293
67,101.9784,93.75,91.93123249629333,4.596561624814667,1,Star,0.2536631421390376,0.7752742625414029,0.3658,0.1439,80.1467,20.8015,0.4608,0.0032,101.9267
68,103.775,109.375,105.39629005059021,5.269814502529511,1,Star,0.2536631421390376,0.7752742625414029,0.3169,0.2276,81.551,21.2562,0.3789,0.0032,103.7383
69,102.1955,93.75,91.73593749235535,4.586796874617767,1,Star,0.2536631421390376,0.7752742625414029,0.3053,0.136,81.4147,19.9585,0.3362,0.0031,102.1582
70,101.5974,109.375,107.65531401394131,5.382765700697066,1,Star,0.2536631421390376,0.7752742625414029,0.4218,0.1631,81.041,19.5535,0.37,0.0039,101.5583
71,100.0545,93.75,93.6989340809259,4.684946704046294,1,Star,0.2536631421390376,0.7752742625414029,0.3532,0.1651,79.6568,19.496,0.3398,0.0032,100.0183
72,99.8064,109.375,109.58716074319884,5.479358037159942,1,Star,0.2536631421390376,0.7752742625414029,0.3019,0.142,79.4418,19.4941,0.3826,0.0032,99.7707
73,101.0615,78.125,77.30441364911465,3.8652206824557322,1,Star,0.2536631421390376,0.7752742625414029,0.2971,0.13,79.7143,20.508,0.3544,0.0035,101.0128
74,99.285,109.375,110.16266304074131,5.5081331520370655,1,Star,0.2536631421390376,0.7752742625414029,0.3276,0.1544,79.2186,19.2233,0.3187,0.0029,99.2493
75,103.2215,93.75,90.82410156798728,4.541205078399364,1,Star,0.2536631421390376,0.7752742625414029,0.2921,0.1267,81.9446,20.4556,0.3567,0.0034,103.1838
76,98.7147,93.75,94.97065786554587,4.748532893277293,1,Star,0.2536631421390376,0.7752742625414029,0.4174,0.1558,77.9034,19.8593,0.3356,0.0038,98.68
77,103.4858,78.125,75.49344934280839,3.7746724671404195,1,Star,0.2536631421390376,0.7752742625414029,0.5238,0.1545,82.5819,19.8495,0.3323,0.003,103.4498
78,102.8391,93.75,91.16182463673836,4.558091231836918,1,Star,0.2536631421390376,0.7752742625414029,0.2919,0.1356,79.3566,22.6695,0.3404,0.0041,102.8036
79,103.7894,93.75,90.32714323428019,4.5163571617140095,1,Star,0.2536631421390376,0.7752742625414029,0.2934,0.1351,83.2347,19.7516,0.3306,0.0033,103.7531
80,99.0196,109.375,110.45792954122214,5.522896477061107,1,Star,0.2536631421390376,0.7752742625414029,0.2912,0.1433,77.8249,20.3894,0.3263,0.0035,98.9834
81,101.2011,78.125,77.1977774945134,3.85988887472567,1,Star,0.2536631421390376,0.7752742625414029,0.3182,0.1432,79.6955,20.658,0.3411,0.0033,101.1645
82,99.4368,93.75,94.28099053871404,4.7140495269357015,1,Star,0.2536631421390376,0.7752742625414029,0.3085,0.1402,77.9997,20.619,0.3259,0.003,99.4008
83,100.8729,109.375,108.42852738446103,5.4214263692230515,1,Star,0.2536631421390376,0.7752742625414029,0.4487,0.1648,78.5914,21.2873,0.338,0.0031,100.8377
84,100.9015,93.75,92.91239476122753,4.645619738061376,1,Star,0.2536631421390376,0.7752742625414029,0.343,0.1473,79.5395,20.3528,0.4644,0.0049,100.8569
85,101.4705,109.375,107.78994880285403,5.389497440142701,1,Star,0.2536631421390376,0.7752742625414029,0.3065,0.1548,79.7779,20.8289,0.3551,0.0034,101.4308
86,101.0748,93.75,92.75308979092712,4.637654489546356,1,Star,0.2536631421390376,0.7752742625414029,0.303,0.1435,79.8814,20.2867,0.4119,0.004,101.0364
87,102.5448,109.375,106.66069854346588,5.333034927173295,1,Star,0.2536631421390376,0.7752742625414029,0.3061,0.1422,81.4779,20.1261,0.4422,0.004,102.5031
88,101.1721,93.75,92.6638865853333,4.633194329266665,1,Star,0.2536631421390376,0.7752742625414029,0.431,0.2831,79.0711,20.9265,0.4129,0.0038,101.1338
89,101.9944,109.375,107.23627963888214,5.361813981944107,1,Star,0.2536631421390376,0.7752742625414029,0.3896,0.156,79.1177,21.8938,0.3904,0.0034,101.9567
90,98.4977,93.75,95.17988744914857,4.758994372457428,1,Star,0.2536631421390376,0.7752742625414029,0.3241,0.142,77.5231,20.1142,0.3479,0.0033,98.4595
91,106.3778,109.375,102.81750515615101,5.14087525780755,1,Star,0.2536631421390376,0.7752742625414029,0.3179,0.1521,82.719,22.791,0.3508,0.0037,106.3398
92,104.726,109.375,104.43920325420622,5.221960162710311,1,Star,0.2536631421390376,0.7752742625414029,0.3154,0.1505,82.6423,21.2265,0.3455,0.0032,104.6885
93,106.735,109.375,102.47341546821568,5.123670773410784,1,Star,0.2536631421390376,0.7752742625414029,0.2909,0.1325,84.0049,21.8666,0.3926,0.0034,106.6966
94,109.9834,109.375,99.44682561186507,4.972341280593253,1,Star,0.2536631421390376,0.7752742625414029,0.2959,0.1372,88.2264,20.9316,0.3464,0.0029,109.9459
95,105.9727,93.75,88.46618044081164,4.4233090220405815,1,Star,0.2536631421390376,0.7752742625414029,0.302,0.1328,83.9233,21.2013,0.3685,0.0033,105.9354
96,101.698,109.375,107.54882101909575,5.377441050954788,1,Star,0.2536631421390376,0.7752742625414029,0.4308,0.1696,79.4491,21.2449,0.3579,0.0036,101.6611
97,103.2709,93.75,90.78065553800732,4.539032776900366,1,Star,0.2536631421390376,0.7752742625414029,0.3037,0.1368,80.9312,21.5096,0.3406,0.003,103.232
98,103.4093,109.375,105.76901690660317,5.288450845330159,1,Star,0.2536631421390376,0.7752742625414029,0.308,0.1374,81.4447,20.7655,0.6886,0.0078,103.3582
99,106.0692,109.375,103.1166446055971,5.155832230279855,1,Star,0.2536631421390376,0.7752742625414029,0.4788,0.182,83.9163,21.1234,0.322,0.0032,106.0303
100,104.0606,109.375,105.10702417629727,5.255351208814863,1,Star,0.2536631421390376,0.7752742625414029,0.2978,0.1906,81.6534,21.4742,0.395,0.0046,104.0218
101,102.2892,78.125,76.3765871665826,3.81882935832913,1,Star,0.2536631421390376,0.7752742625414029,0.3433,0.1423,80.6662,20.7338,0.357,0.0032,102.2505
102,107.8764,109.375,101.38918243471231,5.0694591217356155,1,Star,0.2536631421390376,0.7752742625414029,0.318,0.1455,85.1165,21.7982,0.4472,0.0038,107.8355
103,102.3567,109.375,106.85670796342593,5.342835398171297,1,Star,0.2536631421390376,0.7752742625414029,0.3392,0.1579,81.3191,20.1051,0.3854,0.0035,102.3154
104,101.2556,93.75,92.58747170526864,4.629373585263433,1,Star,0.2536631421390376,0.7752742625414029,0.2973,0.1401,80.5329,19.8099,0.4295,0.004,101.2186
105,99.3527,93.75,94.36079744184104,4.718039872092052,1,Star,0.2536631421390376,0.7752742625414029,0.4707,0.1796,77.9497,20.2936,0.4149,0.0035,99.3166
106,99.0859,93.75,94.61487456843003,4.730743728421501,1,Star,0.2536631421390376,0.7752742625414029,0.2957,0.1391,78.9526,19.3038,0.3411,0.0032,99.0401
107,100.771,93.75,93.03271774617697,4.651635887308848,1,Star,0.2536631421390376,0.7752742625414029,0.2734,0.1256,79.917,19.8101,0.5969,0.0039,100.7312
108,102.6378,109.375,106.56405339942984,5.328202669971493,1,Star,0.2536631421390376,0.7752742625414029,0.4393,0.1577,80.4784,21.1519,0.364,0.0038,102.5995
109,102.1408,93.75,91.78506532159528,4.589253266079765,1,Star,0.2536631421390376,0.7752742625414029,0.4009,0.1893,81.2391,19.911,0.3527,0.0032,102.1027
110,100.2247,109.375,109.12978537226851,5.456489268613426,1,Star,0.2536631421390376,0.7752742625414029,0.2892,0.1342,78.2282,21.2022,0.328,0.0035,100.19
111,102.8232,93.75,91.17592138739117,4.558796069369559,1,Star,0.2536631421390376,0.7752742625414029,0.2858,0.2228,81.5142,20.4229,0.3324,0.0031,102.7866
112,99.9661,93.75,93.78179202749732,4.689089601374866,1,Star,0.2536631421390376,0.7752742625414029,0.3003,0.2027,79.0947,19.9455,0.3771,0.0032,99.9285
113,98.7462,62.5,63.293574841360986,3.164678742068049,1,Star,0.2536631421390376,0.7752742625414029,0.3858,0.221,77.5573,20.1636,0.3721,0.0033,98.7086
114,102.418,109.375,106.79275127419008,5.339637563709504,1,Star,0.2536631421390376,0.7752742625414029,0.2943,0.1666,80.5383,20.97,0.3403,0.0036,102.3172
115,99.8464,78.125,78.24518460355105,3.9122592301775523,1,Star,0.2536631421390376,0.7752742625414029,0.3068,0.1535,79.4632,19.4951,0.3784,0.0036,99.8053
116,101.467,93.75,92.39457163412736,4.619728581706368,1,Star,0.2536631421390376,0.7752742625414029,0.337,0.1577,79.1874,21.2447,0.4811,0.0035,101.4205
117,100.7727,109.375,108.53633970311404,5.426816985155702,1,Star,0.2536631421390376,0.7752742625414029,0.297,0.1349,79.2835,20.6788,0.3339,0.0037,100.7369
118,103.5275,93.75,90.55564946511797,4.527782473255898,1,Star,0.2536631421390376,0.7752742625414029,0.2997,0.1391,82.1519,20.5421,0.3493,0.0034,103.4897
119,103.4806,93.75,90.59669155377917,4.529834577688958,1,Star,0.2536631421390376,0.7752742625414029,0.3859,0.1469,82.3566,20.1268,0.4121,0.004,103.4374
120,100.3089,93.75,93.46129805032255,4.673064902516128,1,Star,0.2536631421390376,0.7752742625414029,0.3133,0.1416,79.1829,20.2528,0.366,0.0042,100.265
121,99.0347,93.75,94.66378956062874,4.733189478031438,1,Star,0.2536631421390376,0.7752742625414029,0.3209,0.1388,78.5515,19.6499,0.3322,0.0029,99.0006
122,100.7822,93.75,93.02237895183872,4.651118947591936,1,Star,0.2536631421390376,0.7752742625414029,0.2857,0.1344,79.5261,20.4096,0.3775,0.0035,100.7416
123,98.2734,109.375,111.2966479230392,5.56483239615196,1,Star,0.2536631421390376,0.7752742625414029,0.3241,0.1587,78.1256,19.1307,0.4872,0.0034,98.2341
124,104.5717,78.125,74.70950553543645,3.7354752767718225,1,Star,0.2536631421390376,0.7752742625414029,0.3008,0.147,81.3582,22.3256,0.3959,0.0041,104.536
125,101.4483,109.375,107.81353655014426,5.390676827507213,1,Star,0.2536631421390376,0.7752742625414029,0.2979,0.1341,80.6646,19.9486,0.359,0.0031,101.4125
126,98.9715,93.75,94.72423879601703,4.736211939800851,1,Star,0.2536631421390376,0.7752742625414029,0.3019,0.1401,78.2322,19.8366,0.4137,0.0035,98.9343
127,101.3826,109.375,107.88340405552827,5.394170202776413,1,Star,0.2536631421390376,0.7752742625414029,0.3799,0.1526,80.0669,20.3438,0.3913,0.0042,101.3438
128,102.0311,78.125,76.56979097549669,3.8284895487748347,1,Star,0.2536631421390376,0.7752742625414029,0.3488,0.2367,80.133,20.8726,0.3893,0.0037,101.9912
129,101.927,109.375,107.30719044021701,5.36535952201085,1,Star,0.2536631421390376,0.7752742625414029,0.3156,0.1442,79.6892,21.2577,0.4695,0.0035,101.8852
130,101.5657,93.75,92.3047839969596,4.61523919984798,1,Star,0.2536631421390376,0.7752742625414029,0.4788,0.2006,79.5045,20.9126,0.4158,0.0039,101.5224
131,101.1375,109.375,108.14485230503028,5.407242615251514,1,Star,0.2536631421390376,0.7752742625414029,0.3066,0.1509,80.0821,20.0893,0.4617,0.0033,101.0984
132,101.0194,93.75,92.80395646776758,4.6401978233883785,1,Star,0.2536631421390376,0.7752742625414029,0.3041,0.1403,80.8089,19.3863,0.3369,0.0032,100.9842
133,99.0329,109.375,110.44309517342217,5.522154758671109,1,Star,0.2536631421390376,0.7752742625414029,0.2964,0.1563,76.8175,21.2462,0.4702,0.0032,98.9944
134,100.817,78.125,77.49189124849977,3.874594562424988,1,Star,0.2536631421390376,0.7752742625414029,0.3181,0.1434,80.0827,19.8858,0.3418,0.0032,100.7792
135,100.0554,93.75,93.69809125744337,4.684904562872169,1,Star,0.2536631421390376,0.7752742625414029,0.2982,0.1325,79.4216,19.8123,0.3467,0.0033,100.0189
136,102.6703,109.375,106.53032084254161,5.32651604212708,1,Star,0.2536631421390376,0.7752742625414029,0.3004,0.1425,81.1108,20.7019,0.3609,0.0038,102.626
137,98.2715,93.75,95.39897121749439,4.769948560874719,1,Star,0.2536631421390376,0.7752742625414029,0.4298,0.1934,77.9271,19.2835,0.389,0.0035,98.2316
138,102.5291,93.75,91.4374553175635,4.571872765878175,1,Star,0.2536631421390376,0.7752742625414029,0.3205,0.1414,80.9694,20.6436,0.4064,0.0036,102.4902
139,100.9602,93.75,92.85837389387105,4.642918694693552,1,Star,0.2536631421390376,0.7752742625414029,0.3234,0.1479,80.1483,19.9162,0.3732,0.0033,100.9167
140,99.7193,93.75,94.013897008904,4.7006948504452,1,Star,0.2536631421390376,0.7752742625414029,0.3768,0.1477,78.5756,20.2183,0.3524,0.0039,99.6795
141,99.5556,78.125,78.47373728851014,3.9236868644255067,1,Star,0.2536631421390376,0.7752742625414029,0.3187,0.1361,77.1774,21.5249,0.3509,0.0043,99.5163
142,99.4675,93.75,94.25189132128584,4.7125945660642925,1,Star,0.2536631421390376,0.7752742625414029,0.3035,0.2419,77.8945,20.537,0.4459,0.0034,99.4312
143,97.6174,109.375,112.04457402061517,5.602228701030759,1,Star,0.2536631421390376,0.7752742625414029,0.2872,0.1408,77.6223,19.1968,0.3122,0.003,97.5669
144,99.4991,93.75,94.22195778655285,4.711097889327642,1,Star,0.2536631421390376,0.7752742625414029,0.2747,0.1336,78.9791,19.6876,0.3758,0.0038,99.4593
145,100.2986,78.125,77.8924132540235,3.8946206627011746,1,Star,0.2536631421390376,0.7752742625414029,0.3346,0.4895,79.5613,19.5248,0.3421,0.0035,100.2606
146,102.4281,109.375,106.78222089446157,5.339111044723079,1,Star,0.2536631421390376,0.7752742625414029,0.292,0.1382,81.8549,19.5116,0.5354,0.0124,102.3504
147,100.9943,93.75,92.82702093088422,4.641351046544211,1,Star,0.2536631421390376,0.7752742625414029,0.3033,0.1435,80.4491,19.7282,0.325,0.0033,100.957
148,99.7891,109.375,109.60615939015383,5.480307969507692,1,Star,0.2536631421390376,0.7752742625414029,0.625,0.1468,78.407,20.2376,0.3291,0.0036,99.7541
149,103.4369,93.75,90.63496682518522,4.531748341259261,1,Star,0.2536631421390376,0.7752742625414029,0.3348,0.2016,81.8098,20.6146,0.3855,0.0032,103.3805
150,100.0519,93.75,93.70136898949445,4.685068449474723,1,Star,0.2536631421390376,0.7752742625414029,0.3357,0.1664,79.6918,19.4491,0.3557,0.0036,100.0076
151,102.7707,93.75,91.22249824123023,4.561124912061511,1,Star,0.2536631421390376,0.7752742625414029,0.3012,0.1368,82.2938,19.6424,0.3363,0.0031,102.7181
152,102.741,109.375,106.45701326636883,5.322850663318441,1,Star,0.2536631421390376,0.7752742625414029,0.3383,0.1454,81.8236,20.0649,0.3254,0.0037,102.7054
153,102.4358,93.75,91.52073786703477,4.576036893351739,1,Star,0.2536631421390376,0.7752742625414029,0.2878,0.1353,80.9406,20.6934,0.3338,0.0031,102.3983
154,100.0821,93.75,93.67309438950622,4.683654719475311,1,Star,0.2536631421390376,0.7752742625414029,0.2935,0.1406,78.9562,20.2801,0.3641,0.0034,100.0432
155,102.3489,93.75,91.59844414546713,4.579922207273356,1,Star,0.2536631421390376,0.7752742625414029,0.3039,0.1339,81.6352,19.8924,0.3396,0.0035,102.3136
156,102.6031,109.375,106.60009297964682,5.330004648982341,1,Star,0.2536631421390376,0.7752742625414029,0.3069,0.2518,80.2709,21.3416,0.3833,0.0032,102.5642
157,101.3457,109.375,107.9226844355508,5.39613422177754,1,Star,0.2536631421390376,0.7752742625414029,0.3047,0.2906,78.9306,21.3801,0.3884,0.0043,101.3046
158,104.3845,62.5,59.87478983948766,2.993739491974383,1,Star,0.2536631421390376,0.7752742625414029,0.3403,0.162,82.4568,21.0544,0.3276,0.0034,104.3486
159,100.649,109.375,108.66973343003905,5.433486671501952,1,Star,0.2536631421390376,0.7752742625414029,0.2985,0.1347,79.9422,19.8544,0.3561,0.0031,100.5938
160,100.308,93.75,93.46213661921281,4.673106830960641,1,Star,0.2536631421390376,0.7752742625414029,0.2902,0.1423,79.6248,19.7965,0.4115,0.0036,100.2739
161,102.3427,109.375,106.8713254584841,5.343566272924205,1,Star,0.2536631421390376,0.7752742625414029,0.312,0.1391,80.6576,20.7747,0.4147,0.0036,102.3059
162,102.6732,93.75,91.30912448428607,4.565456224214303,1,Star,0.2536631421390376,0.7752742625414029,0.2942,0.1391,82.1546,19.7152,0.3262,0.0031,102.6372
163,99.373,109.375,110.06510822859327,5.503255411429664,1,Star,0.2536631421390376,0.7752742625414029,0.2866,0.1451,78.4215,20.1589,0.3186,0.003,99.3377
164,100.3174,93.75,93.45337897513292,4.672668948756646,1,Star,0.2536631421390376,0.7752742625414029,0.3728,0.1512,79.5209,19.9206,0.3106,0.0035,100.2839
165,100.9626,93.75,92.85616654087752,4.642808327043876,1,Star,0.2536631421390376,0.7752742625414029,0.2746,0.1275,80.4701,19.4854,0.5615,0.0039,100.9272
166,105.3672,109.375,103.80365047187361,5.19018252359368,1,Star,0.2536631421390376,0.7752742625414029,0.3041,0.1431,82.503,21.9772,0.3922,0.0036,105.3294
167,100.8793,109.375,108.42164844522117,5.421082422261058,1,Star,0.2536631421390376,0.7752742625414029,0.296,0.1375,78.4223,21.6294,0.3489,0.0036,100.842
168,103.3851,93.75,90.68037850715433,4.534018925357716,1,Star,0.2536631421390376,0.7752742625414029,0.416,0.169,81.4609,20.959,0.3373,0.0032,103.3507
169,101.7082,109.375,107.53803528132441,5.37690176406622,1,Star,0.2536631421390376,0.7752742625414029,0.2836,0.1323,79.6767,21.2354,0.3364,0.0037,101.6721
170,99.4683,93.75,94.2511332756265,4.712556663781325,1,Star,0.2536631421390376,0.7752742625414029,0.3919,0.1424,78.2777,20.2668,0.3436,0.0036,99.4313
171,99.9163,109.375,109.466623563923,5.47333117819615,1,Star,0.2536631421390376,0.7752742625414029,0.3028,0.1371,78.4563,20.5915,0.3794,0.0037,99.8759
172,102.7057,93.75,91.28023079536969,4.564011539768484,1,Star,0.2536631421390376,0.7752742625414029,0.3407,0.2558,81.1605,20.4695,0.4327,0.0039,102.6685
173,101.0618,109.375,108.22585784143959,5.411292892071979,1,Star,0.2536631421390376,0.7752742625414029,0.2875,0.1316,79.5584,20.7048,0.3333,0.0037,101.0242
174,101.5859,78.125,76.90535792861017,3.8452678964305087,1,Star,0.2536631421390376,0.7752742625414029,0.3017,0.2951,80.6239,19.9822,0.339,0.0037,101.5502
175,101.8392,93.75,92.05688968491503,4.602844484245752,1,Star,0.2536631421390376,0.7752742625414029,0.4291,0.1705,80.545,20.3015,0.3393,0.0108,101.8011
176,100.4177,93.75,93.36003513324843,4.668001756662422,1,Star,0.2536631421390376,0.7752742625414029,0.2941,0.1379,79.4152,20.0798,0.4386,0.0038,100.3753
177,101.3675,109.375,107.89947468370039,5.39497373418502,1,Star,0.2536631421390376,0.7752742625414029,0.3695,0.1513,80.6246,19.8278,0.342,0.0046,101.325
178,101.7914,93.75,92.10011847759242,4.60500592387962,1,Star,0.2536631421390376,0.7752742625414029,0.3754,0.1418,80.0192,20.6422,0.4618,0.0061,101.6647
179,98.8591,93.75,94.83193757580233,4.741596878790117,1,Star,0.2536631421390376,0.7752742625414029,0.3445,0.1452,78.536,19.3996,0.384,0.0037,98.8185
180,102.2137,93.75,91.71960314517526,4.585980157258763,1,Star,0.2536631421390376,0.7752742625414029,0.306,0.145,80.3006,21.0799,0.3355,0.0032,102.1752
181,100.4889,93.75,93.29388619041507,4.664694309520753,1,Star,0.2536631421390376,0.7752742625414029,0.377,0.3116,79.1312,20.2251,0.3963,0.0037,100.4505
182,100.1277,109.375,109.23550625850788,5.461775312925394,1,Star,0.2536631421390376,0.7752742625414029,0.481,0.1438,78.6199,20.396,0.4351,0.0048,100.0856
183,99.4758,93.75,94.24402719053276,4.712201359526638,1,Star,0.2536631421390376,0.7752742625414029,0.3298,0.2799,77.3148,21.0137,0.4844,0.0035,99.431
184,102.1724,109.375,107.04945758345698,5.35247287917285,1,Star,0.2536631421390376,0.7752742625414029,0.3002,0.1546,81.5901,19.7593,0.3231,0.003,102.1362
185,102.6306,93.75,91.34702515623995,4.567351257811997,1,Star,0.2536631421390376,0.7752742625414029,0.2868,0.1332,81.1115,20.7275,0.327,0.0031,102.5968
186,102.5558,109.375,106.64925825745594,5.332462912872797,1,Star,0.2536631421390376,0.7752742625414029,0.2849,0.1329,80.1897,21.5751,0.3304,0.0038,102.5212
187,103.8295,93.75,90.29225798063172,4.514612899031585,1,Star,0.2536631421390376,0.7752742625414029,0.2875,0.1333,80.6363,22.3872,0.3408,0.0033,103.7928
188,100.3914,93.75,93.38449309402996,4.669224654701498,1,Star,0.2536631421390376,0.7752742625414029,0.2946,0.1336,79.8399,19.7407,0.3385,0.0033,100.3555
189,100.4903,93.75,93.2925864486423,4.664629322432115,1,Star,0.2536631421390376,0.7752742625414029,0.2937,0.132,79.5524,20.1443,0.3246,0.0038,100.4552
190,103.4504,109.375,105.72699573902082,5.286349786951042,1,Star,0.2536631421390376,0.7752742625414029,0.2852,0.1359,82.0371,20.5731,0.3533,0.0035,103.3926
191,99.473,93.75,94.24668000361908,4.712334000180953,1,Star,0.2536631421390376,0.7752742625414029,0.3186,0.1408,78.6121,19.9713,0.3526,0.0034,99.4042
192,101.0111,109.375,108.28017910902861,5.414008955451431,1,Star,0.2536631421390376,0.7752742625414029,0.2999,0.1793,79.4465,20.5931,0.395,0.0037,100.9229
193,100.24,93.75,93.52553870710295,4.676276935355148,1,Star,0.2536631421390376,0.7752742625414029,0.3446,0.1605,79.0611,20.254,0.3648,0.0037,100.1943
194,100.758,93.75,93.04472101470851,4.652236050735426,1,Star,0.2536631421390376,0.7752742625414029,0.3022,0.1557,79.6422,20.2858,0.3298,0.003,100.723
195,100.7687,93.75,93.03484117588101,4.651742058794051,1,Star,0.2536631421390376,0.7752742625414029,0.3943,0.1601,78.9578,20.8371,0.3737,0.0037,100.7323
196,104.2538,109.375,104.91224300696953,5.245612150348476,1,Star,0.2536631421390376,0.7752742625414029,0.3855,0.158,83.6795,19.6555,0.3301,0.0032,104.2168
197,102.2971,93.75,91.6448266861915,4.5822413343095745,1,Star,0.2536631421390376,0.7752742625414029,0.3028,0.135,81.4489,20.0423,0.3269,0.003,102.2639
198,101.9847,109.375,107.24647912873205,5.362323956436603,1,Star,0.2536631421390376,0.7752742625414029,0.2822,0.1321,80.6473,20.5366,0.3406,0.0037,101.9474
199,102.2617,78.125,76.39712619680682,3.8198563098403406,1,Star,0.2536631421390376,0.7752742625414029,0.3928,0.1463,81.5847,19.7216,0.3698,0.0036,102.2232
